{"metadata":{"asset_id":"3ba8444d-f5ed-494d-842e-77e0bd58cbf3","asset_attributes":["data_asset","directory_asset"],"name":"IBM.csv","asset_type":"data_asset","created_at":"2025-06-26T05:42:49Z","origin_country":"us","owner_id":"IBMid-696000XGF9","project_id":"261e5c2c-5787-48a3-ac82-51dfce0d5ea7","size":820,"usage":{"last_update_time":1750916569701,"last_updated_at":"2025-06-26T05:42:49Z"}},"entity":{"data_asset":{"mime_type":"text/csv","dataset":false},"directory_asset":{"path":""}},"attachments":[{"id":"641221b6-d386-430f-b476-0e01d8ed1fd2","version":2,"asset_type":"data_asset","name":"IBM.csv","mime":"text/csv","datasource_type":"193a97c1-4475-4a19-b90c-295c4fdc6517","object_key":"IBM.csv","creator_id":"IBMid-696000XGF9","create_time":1750916575713,"size":820,"is_remote":false,"is_managed":false,"is_referenced":true,"is_object_key_read_only":true,"is_user_provided_path_key":true,"transfer_complete":true,"is_partitioned":false,"complete_time_ticks":1750916575713,"user_data":{},"test_doc":0,"handle":{"bucket":"sentimentanalysis-donotdelete-pr-p6ehsekbzyhjmk","location":"us-south","type":"bluemix_cos","key":"IBM.csv","upload_id":"done","max_part_num":1},"usage":{"access_count":0,"last_accessor_id":"IBMid-696000XGF9","last_access_time":1750916575713}}]}
